{"cameraMode":{"drawMode":0,"name":"Shaded","section":"Shading Mode"},"sceneLighting":true,"audioPlay":false,"sceneViewState":{"showFog":false,"showMaterialUpdate":false,"showSkybox":false,"showFlares":false,"showImageEffects":false,"showParticleSystems":false},"in2DMode":false,"pivot":{"x":6.753116130828857,"y":-6.782792568206787,"z":2.499607563018799},"rotation":{"x":-0.24368000030517579,"y":-0.48019278049468996,"z":0.1408466100692749,"w":-0.8307810425758362},"size":28.005781173706056,"orthographic":false}