{"cameraMode":{"drawMode":0,"name":"Shaded","section":"Shading Mode"},"sceneLighting":false,"audioPlay":false,"sceneViewState":{"showFog":false,"showMaterialUpdate":false,"showSkybox":false,"showFlares":false,"showImageEffects":false,"showParticleSystems":false},"in2DMode":false,"pivot":{"x":0.13513979315757752,"y":0.8006511926651001,"z":-0.3076815605163574},"rotation":{"x":-0.3809806704521179,"y":-0.49351707100868227,"z":0.2543078660964966,"w":-0.7393389940261841},"size":5.593885898590088,"orthographic":false}