{"cameraMode":{"drawMode":0,"name":"Shaded","section":"Shading Mode"},"sceneLighting":false,"audioPlay":false,"sceneViewState":{"showFog":false,"showMaterialUpdate":false,"showSkybox":false,"showFlares":false,"showImageEffects":false,"showParticleSystems":false},"in2DMode":false,"pivot":{"x":-1.1916389465332032,"y":4.449274063110352,"z":-0.36214447021484377},"rotation":{"x":0.18213017284870149,"y":-0.7189765572547913,"z":0.20504198968410493,"w":0.6386384963989258},"size":22.482486724853517,"orthographic":false}