{"cameraMode":{"drawMode":0,"name":"Shaded","section":"Shading Mode"},"sceneLighting":false,"audioPlay":false,"sceneViewState":{"showFog":true,"showMaterialUpdate":false,"showSkybox":true,"showFlares":true,"showImageEffects":true,"showParticleSystems":true},"in2DMode":false,"pivot":{"x":-8.3766450881958,"y":1.1750867366790772,"z":3.4134156703948976},"rotation":{"x":0.05201210826635361,"y":0.5767163634300232,"z":0.03683450073003769,"w":-0.8144546151161194},"size":17.40744972229004,"orthographic":false}