{"cameraMode":{"drawMode":0,"name":"Shaded","section":"Shading Mode"},"sceneLighting":false,"audioPlay":false,"sceneViewState":{"showFog":true,"showMaterialUpdate":false,"showSkybox":true,"showFlares":true,"showImageEffects":true,"showParticleSystems":true},"in2DMode":false,"pivot":{"x":0.19056057929992677,"y":2.159529685974121,"z":0.2938954830169678},"rotation":{"x":-0.21152696013450623,"y":-0.6738253235816956,"z":0.21090149879455567,"w":-0.6758227348327637},"size":21.09110450744629,"orthographic":false}