{"cameraMode":{"drawMode":0,"name":"Shaded","section":"Shading Mode"},"sceneLighting":false,"audioPlay":false,"sceneViewState":{"showFog":true,"showMaterialUpdate":false,"showSkybox":true,"showFlares":true,"showImageEffects":true,"showParticleSystems":true},"in2DMode":false,"pivot":{"x":0.8043608665466309,"y":-0.26221948862075808,"z":1.6320887804031373},"rotation":{"x":0.07024242728948593,"y":0.7918605208396912,"z":0.09278213977813721,"w":-0.5995118021965027},"size":1.6626633405685425,"orthographic":false}