{"cameraMode":{"drawMode":0,"name":"Shaded","section":"Shading Mode"},"sceneLighting":false,"audioPlay":false,"sceneViewState":{"showFog":true,"showMaterialUpdate":false,"showSkybox":true,"showFlares":true,"showImageEffects":true,"showParticleSystems":true},"in2DMode":false,"pivot":{"x":-1.1916389465332032,"y":4.449274063110352,"z":-0.36214447021484377},"rotation":{"x":0.0072829448617994789,"y":0.9867268204689026,"z":-0.15550407767295838,"w":0.04621361941099167},"size":7.796899318695068,"orthographic":false}