{"cameraMode":{"drawMode":0,"name":"Shaded","section":"Shading Mode"},"sceneLighting":false,"audioPlay":false,"sceneViewState":{"showFog":true,"showMaterialUpdate":false,"showSkybox":true,"showFlares":true,"showImageEffects":true,"showParticleSystems":true},"in2DMode":false,"pivot":{"x":-0.3991744816303253,"y":0.8159691691398621,"z":12.5},"rotation":{"x":-0.005222459323704243,"y":-0.004857483319938183,"z":0.000029135175282135606,"w":-0.9999746084213257},"size":54.48151397705078,"orthographic":false}