{"cameraMode":{"drawMode":0,"name":"Shaded","section":"Shading Mode"},"sceneLighting":false,"audioPlay":false,"sceneViewState":{"showFog":true,"showMaterialUpdate":false,"showSkybox":true,"showFlares":true,"showImageEffects":true,"showParticleSystems":true},"in2DMode":false,"pivot":{"x":0.0,"y":2.9802322387695315e-8,"z":0.05111658573150635},"rotation":{"x":0.001780091319233179,"y":-0.9981428980827332,"z":0.036311786621809009,"w":0.04887912794947624},"size":1.4609284400939942,"orthographic":false}