{"cameraMode":{"drawMode":0,"name":"Shaded","section":"Shading Mode"},"sceneLighting":false,"audioPlay":false,"sceneViewState":{"showFog":true,"showMaterialUpdate":false,"showSkybox":true,"showFlares":true,"showImageEffects":true,"showParticleSystems":true},"in2DMode":false,"pivot":{"x":62.45350646972656,"y":3.6457157135009767,"z":17.639694213867189},"rotation":{"x":0.01719227060675621,"y":-0.9737871885299683,"z":-0.07869341969490051,"w":-0.2127213180065155},"size":2.8626632690429689,"orthographic":false}