{"cameraMode":{"drawMode":0,"name":"Shaded","section":"Shading Mode"},"sceneLighting":false,"audioPlay":false,"sceneViewState":{"showFog":true,"showMaterialUpdate":false,"showSkybox":true,"showFlares":true,"showImageEffects":true,"showParticleSystems":true},"in2DMode":false,"pivot":{"x":0.41721290349960329,"y":-2.5163350105285646,"z":12.5},"rotation":{"x":-0.005222459323704243,"y":-0.004857483319938183,"z":0.000029135175282135606,"w":-0.9999746084213257},"size":43.71875,"orthographic":false}