{"cameraMode":{"drawMode":0,"name":"Shaded","section":"Shading Mode"},"sceneLighting":false,"audioPlay":false,"sceneViewState":{"showFog":true,"showMaterialUpdate":false,"showSkybox":true,"showFlares":true,"showImageEffects":true,"showParticleSystems":true},"in2DMode":false,"pivot":{"x":-1.1105564832687379,"y":-0.37501025199890139,"z":-0.02581608295440674},"rotation":{"x":-0.15466813743114472,"y":-0.6211986541748047,"z":0.12680703401565553,"w":-0.7577004432678223},"size":1.78835129737854,"orthographic":false}