{"cameraMode":{"drawMode":0,"name":"Shaded","section":"Shading Mode"},"sceneLighting":true,"audioPlay":false,"sceneViewState":{"showFog":true,"showMaterialUpdate":false,"showSkybox":true,"showFlares":true,"showImageEffects":true,"showParticleSystems":true},"in2DMode":false,"pivot":{"x":60.436214447021487,"y":3.4720897674560549,"z":20.8799991607666},"rotation":{"x":-0.0354958213865757,"y":0.9604002833366394,"z":-0.23534829914569856,"w":-0.1448536068201065},"size":3.2937960624694826,"orthographic":false}