{"cameraMode":{"drawMode":0,"name":"Shaded","section":"Shading Mode"},"sceneLighting":false,"audioPlay":false,"sceneViewState":{"showFog":true,"showMaterialUpdate":false,"showSkybox":true,"showFlares":true,"showImageEffects":true,"showParticleSystems":true},"in2DMode":false,"pivot":{"x":345.2145080566406,"y":215.9267120361328,"z":-2.529798746109009},"rotation":{"x":0.22895663976669312,"y":-0.04961271956562996,"z":0.011685318313539029,"w":0.9721012711524963},"size":16.826765060424806,"orthographic":false}