{"cameraMode":{"drawMode":0,"name":"Shaded","section":"Shading Mode"},"sceneLighting":false,"audioPlay":false,"sceneViewState":{"showFog":true,"showMaterialUpdate":false,"showSkybox":true,"showFlares":true,"showImageEffects":true,"showParticleSystems":true},"in2DMode":false,"pivot":{"x":-0.33884477615356448,"y":0.156686931848526,"z":0.8608404397964478},"rotation":{"x":0.008457074873149395,"y":0.8346309065818787,"z":-0.012818883173167706,"w":0.5505956411361694},"size":1.4609283208847047,"orthographic":false}