{"cameraMode":{"drawMode":0,"name":"Shaded","section":"Shading Mode"},"sceneLighting":false,"audioPlay":false,"sceneViewState":{"showFog":true,"showMaterialUpdate":false,"showSkybox":true,"showFlares":true,"showImageEffects":true,"showParticleSystems":true},"in2DMode":false,"pivot":{"x":-4.436117172241211,"y":13.377669334411621,"z":-8.646724700927735},"rotation":{"x":0.0072829448617994789,"y":0.9867268204689026,"z":-0.15550407767295838,"w":0.04621361941099167},"size":38.19671630859375,"orthographic":false}