{"cameraMode":{"drawMode":0,"name":"Shaded","section":"Shading Mode"},"sceneLighting":false,"audioPlay":false,"sceneViewState":{"showFog":true,"showMaterialUpdate":false,"showSkybox":true,"showFlares":true,"showImageEffects":true,"showParticleSystems":true},"in2DMode":false,"pivot":{"x":0.04937005043029785,"y":2.4621126651763918,"z":-1.1657991409301758},"rotation":{"x":-0.11838936060667038,"y":-0.09521114826202393,"z":0.011409439146518708,"w":-0.9883261919021606},"size":3.8880538940429689,"orthographic":false}