{"cameraMode":{"drawMode":0,"name":"Shaded","section":"Shading Mode"},"sceneLighting":false,"audioPlay":false,"sceneViewState":{"showFog":true,"showMaterialUpdate":false,"showSkybox":true,"showFlares":true,"showImageEffects":true,"showParticleSystems":true},"in2DMode":false,"pivot":{"x":1.5336347818374634,"y":8.190042495727539,"z":9.152658462524414},"rotation":{"x":0.09737762063741684,"y":0.6937497854232788,"z":-0.09552930295467377,"w":0.707179605960846},"size":22.0,"orthographic":false}