{"cameraMode":{"drawMode":0,"name":"Shaded","section":"Shading Mode"},"sceneLighting":false,"audioPlay":false,"sceneViewState":{"showFog":true,"showMaterialUpdate":false,"showSkybox":true,"showFlares":true,"showImageEffects":true,"showParticleSystems":true},"in2DMode":false,"pivot":{"x":1.090287446975708,"y":7.876947402954102,"z":-2.6702542304992677},"rotation":{"x":0.003999900072813034,"y":0.9959954619407654,"z":-0.061642371118068698,"w":0.06463223695755005},"size":21.400957107543947,"orthographic":false}