{"cameraMode":{"drawMode":0,"name":"Shaded","section":"Shading Mode"},"sceneLighting":false,"audioPlay":false,"sceneViewState":{"showFog":true,"showMaterialUpdate":false,"showSkybox":true,"showFlares":true,"showImageEffects":true,"showParticleSystems":true},"in2DMode":false,"pivot":{"x":0.9399799108505249,"y":-1.510671615600586,"z":-1.3097728490829468},"rotation":{"x":-0.005222459323704243,"y":-0.004857483319938183,"z":0.000029135175282135606,"w":-0.9999746084213257},"size":10.11309814453125,"orthographic":false}