{"cameraMode":{"drawMode":0,"name":"Shaded","section":"Shading Mode"},"sceneLighting":false,"audioPlay":false,"sceneViewState":{"showFog":true,"showMaterialUpdate":false,"showSkybox":true,"showFlares":true,"showImageEffects":true,"showParticleSystems":true},"in2DMode":false,"pivot":{"x":0.0,"y":1.9832402467727662,"z":0.5000152587890625},"rotation":{"x":0.0072829448617994789,"y":0.9867268204689026,"z":-0.15550407767295838,"w":0.04621361941099167},"size":18.753585815429689,"orthographic":false}