{"cameraMode":{"drawMode":0,"name":"Shaded","section":"Shading Mode"},"sceneLighting":false,"audioPlay":false,"sceneViewState":{"showFog":true,"showMaterialUpdate":false,"showSkybox":true,"showFlares":true,"showImageEffects":true,"showParticleSystems":true},"in2DMode":false,"pivot":{"x":1.7456810474395753,"y":10.027326583862305,"z":-12.010437965393067},"rotation":{"x":0.0009645674144849181,"y":0.9989052414894104,"z":0.04014051333069801,"w":-0.02400500327348709},"size":24.06845474243164,"orthographic":false}