{"cameraMode":{"drawMode":0,"name":"Shaded","section":"Shading Mode"},"sceneLighting":false,"audioPlay":false,"sceneViewState":{"showFog":true,"showMaterialUpdate":false,"showSkybox":true,"showFlares":true,"showImageEffects":true,"showParticleSystems":true},"in2DMode":false,"pivot":{"x":0.0,"y":2.3150482177734377,"z":0.11700010299682617},"rotation":{"x":-0.21152696013450623,"y":-0.6738253235816956,"z":0.21090149879455567,"w":-0.6758227348327637},"size":13.05016803741455,"orthographic":false}