{"cameraMode":{"drawMode":0,"name":"Shaded","section":"Shading Mode"},"sceneLighting":false,"audioPlay":false,"sceneViewState":{"showFog":true,"showMaterialUpdate":false,"showSkybox":true,"showFlares":true,"showImageEffects":true,"showParticleSystems":true},"in2DMode":false,"pivot":{"x":0.0901193618774414,"y":20.86012840270996,"z":-11.829819679260254},"rotation":{"x":-0.009324457496404648,"y":0.9903028607368469,"z":-0.11071696877479553,"w":-0.0833972841501236},"size":18.46096420288086,"orthographic":false}