{"cameraMode":{"drawMode":0,"name":"Shaded","section":"Shading Mode"},"sceneLighting":false,"audioPlay":false,"sceneViewState":{"showFog":true,"showMaterialUpdate":false,"showSkybox":true,"showFlares":true,"showImageEffects":true,"showParticleSystems":true},"in2DMode":false,"pivot":{"x":0.9057363271713257,"y":0.7800716161727905,"z":12.945676803588868},"rotation":{"x":-0.005222459323704243,"y":-0.004857483319938183,"z":0.000029135175282135606,"w":-0.9999746084213257},"size":15.840780258178711,"orthographic":false}