{"cameraMode":{"drawMode":0,"name":"Shaded","section":"Shading Mode"},"sceneLighting":false,"audioPlay":false,"sceneViewState":{"showFog":true,"showMaterialUpdate":false,"showSkybox":true,"showFlares":true,"showImageEffects":true,"showParticleSystems":true},"in2DMode":false,"pivot":{"x":0.05360531806945801,"y":22.549556732177736,"z":-0.1308985948562622},"rotation":{"x":0.003975335042923689,"y":-0.960910439491272,"z":-0.2764858305454254,"w":-0.013819007202982903},"size":23.029443740844728,"orthographic":false}