{"cameraMode":{"drawMode":0,"name":"Shaded","section":"Shading Mode"},"sceneLighting":false,"audioPlay":false,"sceneViewState":{"showFog":true,"showMaterialUpdate":false,"showSkybox":true,"showFlares":true,"showImageEffects":true,"showParticleSystems":true},"in2DMode":false,"pivot":{"x":0.003391265869140625,"y":0.0361655056476593,"z":0.013163179159164429},"rotation":{"x":-0.006209155544638634,"y":-0.991722583770752,"z":0.11692991852760315,"w":-0.05268050730228424},"size":1.78835129737854,"orthographic":false}